,interest,vacancy,consumer price index,price,value,adjusted_price,adjusted_value,next_year
7/31/2010,4.54,10.3,217.605,167275,169291.2329,76870.93587,77797.49219,69508.54909
8/7/2010,4.49,10.3,217.923,167188,168507.5009,76718.84106,77324.33059,68663.81255
8/14/2010,4.44,10.3,217.923,164864,168507.5009,75652.40934,77324.33059,68602.77923
8/21/2010,4.42,10.3,217.923,163975,168507.5009,75244.46708,77324.33059,67929.20135
8/28/2010,4.36,10.3,217.923,161960,168507.5009,74319.82856,77324.33059,67911.31392
9/4/2010,4.32,10.3,218.275,161589,167535.9555,74030.00802,76754.53234,67436.9034
9/11/2010,4.35,10.3,218.275,163583,167535.9555,74943.53453,76754.53234,67001.76966
9/18/2010,4.37,10.3,218.275,162309,167535.9555,74359.86714,76754.53234,66459.39708
9/25/2010,4.37,10.3,218.275,161033,167535.9555,73775.28347,76754.53234,66174.75077
10/2/2010,4.32,10.3,218.275,160295,166531.6156,73437.17787,76294.40642,66096.58214
10/9/2010,4.27,9.4,219.035,155613,166531.6156,71044.81019,76029.68275,65940.90408
10/16/2010,4.19,9.4,219.035,155218,166531.6156,70864.47371,76029.68275,65685.99779
10/23/2010,4.21,9.4,219.035,154500,166531.6156,70536.67222,76029.68275,65000.22051
10/30/2010,4.23,9.4,219.035,153998,166531.6156,70307.48511,76029.68275,64591.55959
11/6/2010,4.24,9.4,219.59,154910,165512.0094,70545.10679,75373.19977,63994.64716
11/13/2010,4.17,9.4,219.59,154314,165512.0094,70273.69188,75373.19977,64374.10034
11/20/2010,4.39,9.4,219.59,155527,165512.0094,70826.08498,75373.19977,65029.94855
12/4/2010,4.46,9.4,220.472,154339,164563.1376,70003.90072,74641.28667,65232.83294
12/11/2010,4.61,9.4,220.472,154606,164563.1376,70125.00454,74641.28667,65337.13577
12/18/2010,4.83,9.4,220.472,155391,164563.1376,70481.05882,74641.28667,65361.78116
12/25/2010,4.81,9.4,220.472,156393,164563.1376,70935.5383,74641.28667,64807.69992
1/1/2011,4.86,9.4,220.472,155516,163684.3674,70537.75536,74242.70082,64531.56135
1/8/2011,4.77,9.7,221.187,154705,163684.3674,69943.07984,74002.70692,63720.47296
1/15/2011,4.71,9.7,221.187,152800,163684.3674,69081.81765,74002.70692,63529.55118
1/22/2011,4.74,9.7,221.187,151133,163684.3674,68328.15672,74002.70692,62617.07675
1/29/2011,4.8,9.7,221.187,149364,163684.3674,67528.38096,74002.70692,62060.0099
2/5/2011,4.81,9.7,221.898,148377,162870.3229,66867.20926,73398.73407,61216.9282
2/12/2011,5.05,9.7,221.898,145296,162870.3229,65478.73347,73398.73407,61077.21752
2/19/2011,5,9.7,221.898,144737,162870.3229,65226.81592,73398.73407,61284.8127
2/26/2011,4.95,9.7,221.898,143889,162870.3229,64844.65836,73398.73407,62029.13372
3/5/2011,4.87,9.7,223.046,144278,162095.1369,64685.31155,72673.41128,63019.05099
3/12/2011,4.88,9.7,223.046,145463,162095.1369,65216.59209,72673.41128,63751.54606
3/19/2011,4.76,9.7,223.046,146207,162095.1369,65550.15557,72673.41128,64539.54643
3/26/2011,4.81,9.7,223.046,146440,162095.1369,65654.61833,72673.41128,65085.85839
4/2/2011,4.86,9.7,223.046,147759,161284.3515,66245.97617,72309.90536,66157.33004
4/9/2011,4.87,9.2,224.093,147880,161284.3515,65990.45932,71972.06138,66267.72025
4/16/2011,4.91,9.2,224.093,148447,161284.3515,66243.47927,71972.06138,66851.08667
4/23/2011,4.8,9.2,224.093,149572,161284.3515,66745.50298,71972.06138,67081.90255
4/30/2011,4.78,9.2,224.093,149362,161284.3515,66651.79189,71972.06138,67967.27777
5/7/2011,4.71,9.2,224.806,150482,160430.2004,66938.60484,71363.8428,68530.86619
5/14/2011,4.63,9.2,224.806,150420,160430.2004,66911.02551,71363.8428,69268.90907
5/21/2011,4.61,9.2,224.806,151310,160430.2004,67306.92241,71363.8428,69734.12093
5/28/2011,4.6,9.2,224.806,151607,160430.2004,67439.03632,71363.8428,70526.38022
6/4/2011,4.55,9.2,224.806,153931,159593.3115,68472.81656,70991.57118,71540.84473
6/11/2011,4.49,9.2,224.806,155076,159593.3115,68982.1446,70991.57118,72500.48135
6/18/2011,4.5,9.2,224.806,156822,159593.3115,69758.81427,70991.57118,73021.65199
6/25/2011,4.5,9.2,224.806,157987,159593.3115,70277.03887,70991.57118,73355.97136
7/2/2011,4.51,9.2,224.806,159704,158887.6785,71040.80852,70677.68589,73661.14003
7/9/2011,4.6,9.8,225.395,161239,158887.6785,71536.19202,70492.99165,73186.92856
7/16/2011,4.51,9.8,225.395,161194,158887.6785,71516.22707,70492.99165,73316.85551
7/23/2011,4.52,9.8,225.395,160301,158887.6785,71120.03372,70492.99165,72542.54342
7/30/2011,4.55,9.8,225.395,158536,158887.6785,70336.964,70492.99165,72405.37931
8/6/2011,4.39,9.8,226.106,157163,158294.7849,69508.54909,70009.10411,72367.97467
8/13/2011,4.32,9.8,226.106,155253,158294.7849,68663.81255,70009.10411,72183.12616
8/20/2011,4.15,9.8,226.106,155115,158294.7849,68602.77923,70009.10411,71899.11186
8/27/2011,4.22,9.8,226.106,153592,158294.7849,67929.20135,70009.10411,71377.62159
9/3/2011,4.22,9.8,226.597,153885,157785.9975,67911.31392,69632.87136,70662.07822
9/10/2011,4.12,9.8,226.597,152810,157785.9975,67436.9034,69632.87136,70225.31004
9/17/2011,4.09,9.8,226.597,151824,157785.9975,67001.76966,69632.87136,70040.90643
9/24/2011,4.09,9.8,226.597,150595,157785.9975,66459.39708,69632.87136,69743.95602
10/1/2011,4.01,9.8,226.597,149950,157285.4989,66174.75077,69411.99525,69477.80589
10/8/2011,3.94,9.4,226.75,149874,157285.4989,66096.58214,69365.15938,69083.22469
10/15/2011,4.12,9.4,226.75,149521,157285.4989,65940.90408,69365.15938,68812.112
10/22/2011,4.11,9.4,226.75,148943,157285.4989,65685.99779,69365.15938,68324.71356
10/29/2011,4.1,9.4,226.75,147388,157285.4989,65000.22051,69365.15938,68396.83631
11/5/2011,4,9.4,227.169,146732,156859.9536,64591.55959,69049.89396,68438.78244
11/12/2011,3.99,9.4,227.169,145376,156859.9536,63994.64716,69049.89396,68851.7572
11/19/2011,4,9.4,227.169,146238,156859.9536,64374.10034,69049.89396,69301.05644
12/3/2011,4,9.4,227.223,147763,156490.2718,65029.94855,68870.78851,69621.27142
12/10/2011,3.99,9.4,227.223,148224,156490.2718,65232.83294,68870.78851,69518.3396
12/17/2011,3.94,9.4,227.223,148461,156490.2718,65337.13577,68870.78851,70156.25743
12/24/2011,3.91,9.4,227.223,148517,156490.2718,65361.78116,68870.78851,70592.204
12/31/2011,3.95,9.4,227.223,147258,156490.2718,64807.69992,68870.78851,70769.90146
1/7/2012,3.91,8.8,227.842,147030,156264.8125,64531.56135,68584.72648,69995.55419
1/14/2012,3.89,8.8,227.842,145182,156264.8125,63720.47296,68584.72648,69154.30402
1/21/2012,3.88,8.8,227.842,144747,156264.8125,63529.55118,68584.72648,67323.75399
1/28/2012,3.98,8.8,227.842,142668,156264.8125,62617.07675,68584.72648,66377.61731
2/4/2012,3.87,8.8,228.329,141701,156246.5303,62060.0099,68430.43602,65059.65132
2/11/2012,3.87,8.8,228.329,139776,156246.5303,61216.9282,68430.43602,64866.46604
2/18/2012,3.87,8.8,228.329,139457,156246.5303,61077.21752,68430.43602,64985.81161
2/25/2012,3.95,8.8,228.329,139931,156246.5303,61284.8127,68430.43602,65722.06219
3/3/2012,3.9,8.8,228.807,141927,156454.1935,62029.13372,68378.23733,67191.60331
3/10/2012,3.88,8.8,228.807,144192,156454.1935,63019.05099,68378.23733,67994.93719
3/17/2012,3.92,8.8,228.807,145868,156454.1935,63751.54606,68378.23733,68957.1297
3/24/2012,4.08,8.8,228.807,147671,156454.1935,64539.54643,68378.23733,69797.91805
3/31/2012,3.99,8.8,228.807,148921,156454.1935,65085.85839,68378.23733,70845.17919
4/7/2012,3.98,8.6,229.187,151624,156808.6192,66157.33004,68419.50863,71204.11394
4/14/2012,3.88,8.6,229.187,151877,156808.6192,66267.72025,68419.50863,72123.88426
4/21/2012,3.9,8.6,229.187,153214,156808.6192,66851.08667,68419.50863,72221.38337
4/28/2012,3.88,8.6,229.187,153743,156808.6192,67081.90255,68419.50863,73376.51417
5/5/2012,3.84,8.6,228.713,155450,157242.6588,67967.27777,68751.08052,73875.45118
5/12/2012,3.83,8.6,228.713,156739,157242.6588,68530.86619,68751.08052,74642.61534
5/19/2012,3.79,8.6,228.713,158427,157242.6588,69268.90907,68751.08052,75192.43789
5/26/2012,3.78,8.6,228.713,159491,157242.6588,69734.12093,68751.08052,76067.4104
6/2/2012,3.75,8.6,228.713,161303,157762.2816,70526.38022,68978.2748,76986.81409
6/9/2012,3.67,8.6,228.524,163488,157762.2816,71540.84473,69035.32305,77660.09163
6/16/2012,3.71,8.6,228.524,165681,157762.2816,72500.48135,69035.32305,78666.78139
6/23/2012,3.66,8.6,228.524,166872,157762.2816,73021.65199,69035.32305,79332.74538
6/30/2012,3.66,8.6,228.524,167636,157762.2816,73355.97136,69035.32305,80272.21984
7/7/2012,3.62,8.6,228.59,168382,158329.3481,73661.14003,69263.46214,80407.04165
7/14/2012,3.56,8.6,228.59,167298,158329.3481,73186.92856,69263.46214,79465.86518
7/21/2012,3.53,8.6,228.59,167595,158329.3481,73316.85551,69263.46214,79175.09081
7/28/2012,3.49,8.6,228.59,165825,158329.3481,72542.54342,69263.46214,78339.38729
8/4/2012,3.55,8.6,229.918,166473,158815.5132,72405.37931,69074.8498,78006.56226
8/11/2012,3.59,8.6,229.918,166387,158815.5132,72367.97467,69074.8498,77808.23795
8/18/2012,3.62,8.6,229.918,165962,158815.5132,72183.12616,69074.8498,77193.98945
8/25/2012,3.66,8.6,229.918,165309,158815.5132,71899.11186,69074.8498,76743.99685
9/1/2012,3.59,8.6,229.918,164110,159370.8004,71377.62159,69316.36515,75709.50228
9/8/2012,3.55,8.6,231.015,163240,159370.8004,70662.07822,68987.20881,75226.08159
9/15/2012,3.55,8.6,231.015,162231,159370.8004,70225.31004,68987.20881,74806.46045
9/22/2012,3.49,8.6,231.015,161805,159370.8004,70040.90643,68987.20881,74862.73318
9/29/2012,3.4,8.6,231.015,161119,159370.8004,69743.95602,68987.20881,74760.87971
10/6/2012,3.36,8.7,231.638,160937,159970.9007,69477.80589,69060.73301,74678.7122
10/13/2012,3.39,8.7,231.638,160023,159970.9007,69083.22469,69060.73301,74083.85366
10/20/2012,3.37,8.7,231.638,159395,159970.9007,68812.112,69060.73301,73922.51433
10/27/2012,3.41,8.7,231.638,158266,159970.9007,68324.71356,69060.73301,73412.217
11/3/2012,3.39,8.7,231.249,158167,160687.8049,68396.83631,69486.91881,73113.62666
11/10/2012,3.4,8.7,231.249,158264,160687.8049,68438.78244,69486.91881,73053.82315
11/17/2012,3.34,8.7,231.249,159219,160687.8049,68851.7572,69486.91881,73156.8386
12/1/2012,3.32,8.7,231.249,160258,161437.8801,69301.05644,69811.27708,73359.20824
12/8/2012,3.34,8.7,231.221,160979,161437.8801,69621.27142,69819.73096,73971.00363
12/15/2012,3.32,8.7,231.221,160741,161437.8801,69518.3396,69819.73096,74250.06071
12/22/2012,3.37,8.7,231.221,162216,161437.8801,70156.25743,69819.73096,73328.43154
12/29/2012,3.35,8.7,231.221,163224,161437.8801,70592.204,69819.73096,72875.79477
1/5/2013,3.34,8.6,231.679,163959,162298.334,70769.90146,70053.10539,72035.12291
1/12/2013,3.4,8.6,231.679,162165,162298.334,69995.55419,70053.10539,70838.2918
1/19/2013,3.38,8.6,231.679,160216,162298.334,69154.30402,70053.10539,70393.30523
1/26/2013,3.42,8.6,231.679,155975,162298.334,67323.75399,70053.10539,69263.03455
2/2/2013,3.53,8.6,231.679,153783,163222.684,66377.61731,70452.08413,69209.54204
2/9/2013,3.53,8.6,232.937,151548,163222.684,65059.65132,70071.60047,69517.33624
2/16/2013,3.53,8.6,232.937,151098,163222.684,64866.46604,70071.60047,69820.885
2/23/2013,3.56,8.6,232.937,151376,163222.684,64985.81161,70071.60047,70707.28897
3/2/2013,3.51,8.6,232.937,153091,164187.3328,65722.06219,70485.7248,71016.15063
3/9/2013,3.52,8.6,232.282,156074,164187.3328,67191.60331,70684.48385,71843.17115
3/16/2013,3.63,8.6,232.282,157940,164187.3328,67994.93719,70684.48385,72495.21243
3/23/2013,3.54,8.6,232.282,160175,164187.3328,68957.1297,70684.48385,72961.24634
3/30/2013,3.57,8.6,232.282,162128,164187.3328,69797.91805,70684.48385,73568.51667
4/6/2013,3.54,8.2,231.797,164217,165237.1225,70845.17919,71285.27225,74521.28829
4/13/2013,3.43,8.2,231.797,165049,165237.1225,71204.11394,71285.27225,74625.31928
4/20/2013,3.41,8.2,231.797,167181,165237.1225,72123.88426,71285.27225,75395.70653
4/27/2013,3.4,8.2,231.797,167407,165237.1225,72221.38337,71285.27225,75767.14306
5/4/2013,3.35,8.2,231.893,170155,166464.1429,73376.51417,71784.89343,75994.22585
5/11/2013,3.42,8.2,231.893,171312,166464.1429,73875.45118,71784.89343,76759.89161
5/18/2013,3.51,8.2,231.893,173091,166464.1429,74642.61534,71784.89343,77279.48066
5/25/2013,3.59,8.2,231.893,174366,166464.1429,75192.43789,71784.89343,78155.89025
6/1/2013,3.81,8.2,231.893,176395,167827.0827,76067.4104,72372.63855,78838.76896
6/8/2013,3.91,8.2,232.445,178952,167827.0827,76986.81409,72200.77124,79683.93675
6/15/2013,3.98,8.2,232.445,180517,167827.0827,77660.09163,72200.77124,80020.31775
6/22/2013,3.93,8.2,232.445,182857,167827.0827,78666.78139,72200.77124,80667.20562
6/29/2013,4.46,8.2,232.445,184405,167827.0827,79332.74538,72200.77124,80958.15544
7/13/2013,4.51,8.3,232.9,186954,169062.9501,80272.21984,72590.36072,81053.73519
7/20/2013,4.37,8.3,232.9,187268,169062.9501,80407.04165,72590.36072,80619.20521
7/27/2013,4.31,8.3,232.9,185076,169062.9501,79465.86518,72590.36072,80254.57056
8/3/2013,4.39,8.3,233.456,184839,170267.5959,79175.09081,72933.48463,79747.32587
8/10/2013,4.4,8.3,233.456,182888,170267.5959,78339.38729,72933.48463,79337.15152
8/17/2013,4.4,8.3,233.456,182111,170267.5959,78006.56226,72933.48463,79043.6284
8/24/2013,4.58,8.3,233.456,181648,170267.5959,77808.23795,72933.48463,78709.67742
8/31/2013,4.51,8.3,233.456,180214,170267.5959,77193.98945,72933.48463,78455.17671
9/7/2013,4.57,8.3,233.544,179231,171367.3948,76743.99685,73376.92034,77941.02166
9/14/2013,4.57,8.3,233.544,176815,171367.3948,75709.50228,73376.92034,77516.1384
9/21/2013,4.5,8.3,233.544,175686,171367.3948,75226.08159,73376.92034,76648.68598
9/28/2013,4.32,8.3,233.544,174706,171367.3948,74806.46045,73376.92034,76632.69174
10/5/2013,4.22,8.2,233.669,174931,172587.0694,74862.73318,73859.63453,76215.30556
10/12/2013,4.23,8.2,233.669,174693,172587.0694,74760.87971,73859.63453,76164.34317
10/19/2013,4.28,8.2,233.669,174501,172587.0694,74678.7122,73859.63453,75739.79699
10/26/2013,4.13,8.2,233.669,173111,172587.0694,74083.85366,73859.63453,75345.57554
11/2/2013,4.1,8.2,233.669,172734,173585.2444,73922.51433,74286.8093,75391.06181
11/9/2013,4.16,8.2,234.1,171858,173585.2444,73412.217,74150.04034,75442.96426
11/16/2013,4.35,8.2,234.1,171159,173585.2444,73113.62666,74150.04034,75818.51863
11/23/2013,4.22,8.2,234.1,171019,173585.2444,73053.82315,74150.04034,76419.67052
12/7/2013,4.46,8.2,234.719,171713,174499.0041,73156.8386,74343.79154,76359.56521
12/14/2013,4.42,8.2,234.719,172188,174499.0041,73359.20824,74343.79154,76892.04747
1/18/2014,4.41,8.3,235.288,169490,175296.3523,72035.12291,74502.88678,75285.73315
1/25/2014,4.39,8.3,235.288,166674,175296.3523,70838.2918,74502.88678,73879.71548
2/1/2014,4.32,8.3,235.288,165627,176147.1667,70393.30523,74864.49231,73381.29191
2/8/2014,4.23,8.3,235.547,163147,176147.1667,69263.03455,74782.17369,73855.49541
2/15/2014,4.28,8.3,235.547,163021,176147.1667,69209.54204,74782.17369,75069.47336
2/22/2014,4.33,8.3,235.547,163746,176147.1667,69517.33624,74782.17369,76354.79879
3/1/2014,4.37,8.3,235.547,164461,177005.9393,69820.885,75146.7602,77377.36041
3/8/2014,4.28,8.3,236.028,166889,177005.9393,70707.28897,74993.61908,78189.73116
3/15/2014,4.37,8.3,236.028,167618,177005.9393,71016.15063,74993.61908,77830.37258
3/22/2014,4.32,8.3,236.028,169570,177005.9393,71843.17115,74993.61908,78902.89643
3/29/2014,4.4,8.3,236.028,171109,177005.9393,72495.21243,74993.61908,79257.22414
4/5/2014,4.41,7.5,236.468,172530,177867.974,72961.24634,75218.62324,80103.462
4/12/2014,4.34,7.5,236.468,173966,177867.974,73568.51667,75218.62324,80939.11659
4/19/2014,4.27,7.5,236.468,176219,177867.974,74521.28829,75218.62324,81165.17513
4/26/2014,4.33,7.5,236.468,176465,177867.974,74625.31928,75218.62324,81660.41493
5/3/2014,4.29,7.5,236.918,178626,178852.5221,75395.70653,75491.31856,82274.3364
5/10/2014,4.21,7.5,236.918,179506,178852.5221,75767.14306,75491.31856,83319.05773
5/17/2014,4.2,7.5,236.918,180044,178852.5221,75994.22585,75491.31856,83901.75569
5/24/2014,4.14,7.5,236.918,181858,178852.5221,76759.89161,75491.31856,84714.10478
5/31/2014,4.12,7.5,236.918,183089,178852.5221,77279.48066,75491.31856,85194.62923
6/7/2014,4.14,7.5,237.231,185410,179725.3306,78155.89025,75759.63117,85723.96353
6/14/2014,4.2,7.5,237.231,187030,179725.3306,78838.76896,75759.63117,86053.42994
6/21/2014,4.17,7.5,237.231,189035,179725.3306,79683.93675,75759.63117,86611.99661
6/28/2014,4.14,7.5,237.231,189833,179725.3306,80020.31775,75759.63117,86467.47944
7/5/2014,4.12,7.4,237.498,191583,180582.6024,80667.20562,76035.42027,86753.57302
7/12/2014,4.15,7.4,237.498,192274,180582.6024,80958.15544,76035.42027,86210.79342
7/19/2014,4.13,7.4,237.498,192501,180582.6024,81053.73519,76035.42027,85360.07461
7/26/2014,4.13,7.4,237.498,191469,180582.6024,80619.20521,76035.42027,85077.69931
8/2/2014,4.12,7.4,237.498,190603,181238.9813,80254.57056,76311.79266,84389.13932
8/9/2014,4.14,7.4,237.46,189368,181238.9813,79747.32587,76324.0046,84076.99773
8/16/2014,4.12,7.4,237.46,188394,181238.9813,79337.15152,76324.0046,83312.39786
8/23/2014,4.1,7.4,237.46,187697,181238.9813,79043.6284,76324.0046,83123.2263
8/30/2014,4.1,7.4,237.46,186904,181238.9813,78709.67742,76324.0046,81708.8986
9/6/2014,4.1,7.4,237.477,186313,181854.1139,78455.17671,76577.56915,81445.31743
9/13/2014,4.12,7.4,237.477,185092,181854.1139,77941.02166,76577.56915,80924.47094
9/20/2014,4.23,7.4,237.477,184083,181854.1139,77516.1384,76577.56915,80799.04767
9/27/2014,4.2,7.4,237.477,182023,181854.1139,76648.68598,76577.56915,80971.9307
10/4/2014,4.19,7,237.43,181949,182259.7415,76632.69174,76763.56885,80646.35537
10/11/2014,4.12,7,237.43,180958,182259.7415,76215.30556,76763.56885,80330.87539
10/18/2014,3.97,7,237.43,180837,182259.7415,76164.34317,76763.56885,79951.03751
10/25/2014,3.92,7,237.43,179829,182259.7415,75739.79699,76763.56885,79507.34611
11/1/2014,3.98,7,237.43,178893,182789.2954,75345.57554,76986.60463,78918.7327
11/8/2014,4.02,7,236.983,178664,182789.2954,75391.06181,77131.81763,79246.86052
11/15/2014,4.01,7,236.983,178787,182789.2954,75442.96426,77131.81763,79671.603
11/22/2014,3.99,7,236.983,179677,182789.2954,75818.51863,77131.81763,80496.80141
12/6/2014,3.89,7,236.252,180543,183436.945,76419.67052,77644.61042,81115.06933
12/13/2014,3.93,7,236.252,180401,183436.945,76359.56521,77644.61042,81273.63192
12/20/2014,3.8,7,236.252,181659,183436.945,76892.04747,77644.61042,81107.49871
1/31/2015,3.66,7.1,234.747,176731,184234.3493,75285.73315,78482.08894,78174.82388
2/7/2015,3.59,7.1,235.342,173870,185028.0609,73879.71548,78620.92654,77115.98746
2/14/2015,3.69,7.1,235.342,172697,185028.0609,73381.29191,78620.92654,76783.54738
2/21/2015,3.76,7.1,235.342,173813,185028.0609,73855.49541,78620.92654,76205.04264
2/28/2015,3.8,7.1,235.342,176670,185028.0609,75069.47336,78620.92654,76779.6539
3/7/2015,3.75,7.1,235.976,180179,185834.4757,76354.79879,78751.43052,77754.11626
3/14/2015,3.86,7.1,235.976,182592,185834.4757,77377.36041,78751.43052,78779.82191
3/21/2015,3.78,7.1,235.976,184509,185834.4757,78189.73116,78751.43052,80260.41667
3/28/2015,3.69,7.1,235.976,183661,185834.4757,77830.37258,78751.43052,81341.14583
4/4/2015,3.7,6.8,236.222,186386,186716.2253,78902.89643,79042.69089,81716.12439
4/11/2015,3.66,6.8,236.222,187223,186716.2253,79257.22414,79042.69089,82547.9514
4/18/2015,3.67,6.8,236.222,189222,186716.2253,80103.462,79042.69089,82993.15458
4/25/2015,3.65,6.8,236.222,191196,186716.2253,80939.11659,79042.69089,83443.37886
5/2/2015,3.68,6.8,236.222,191730,187688.9382,81165.17513,79454.47004,83827.2311
5/9/2015,3.8,6.8,237.001,193536,187688.9382,81660.41493,79193.31067,84039.70663
5/16/2015,3.85,6.8,237.001,194991,187688.9382,82274.3364,79193.31067,84410.80828
5/23/2015,3.84,6.8,237.001,197467,187688.9382,83319.05773,79193.31067,85010.24808
5/30/2015,3.87,6.8,237.001,198848,187688.9382,83901.75569,79193.31067,86077.0454
6/6/2015,3.87,6.8,237.657,201329,188623.1037,84714.10478,79367.78792,86938.74832
6/13/2015,4.04,6.8,237.657,202471,188623.1037,85194.62923,79367.78792,88521.45099
6/20/2015,4,6.8,237.657,203729,188623.1037,85723.96353,79367.78792,89294.06965
6/27/2015,4.02,6.8,237.657,204512,188623.1037,86053.42994,79367.78792,89810.25884
7/4/2015,4.08,7.3,238.034,206166,189588.3702,86611.99661,79647.60083,89988.37989
7/11/2015,4.04,7.3,238.034,205822,189588.3702,86467.47944,79647.60083,89898.83424
7/18/2015,4.09,7.3,238.034,206503,189588.3702,86753.57302,79647.60083,89465.68319
7/25/2015,4.04,7.3,238.034,205211,189588.3702,86210.79342,79647.60083,88784.30327
8/1/2015,3.98,7.3,238.034,203186,190600.7926,85360.07461,80072.92764,88513.16801
8/8/2015,3.91,7.3,238.033,202513,190600.7926,85077.69931,80073.26403,87377.41379
8/15/2015,3.94,7.3,238.033,200874,190600.7926,84389.13932,80073.26403,87042.34135
8/22/2015,3.93,7.3,238.033,200131,190600.7926,84076.99773,80073.26403,86619.13571
8/29/2015,3.84,7.3,238.033,198311,190600.7926,83312.39786,80073.26403,86313.72939
9/5/2015,3.89,7.3,237.498,197416,191720.2966,83123.2263,80725.0152,86514.82735
9/12/2015,3.9,7.3,237.498,194057,191720.2966,81708.8986,80725.0152,86302.53425
9/19/2015,3.91,7.3,237.498,193431,191720.2966,81445.31743,80725.0152,85712.50871
9/26/2015,3.86,7.3,237.498,192194,191720.2966,80924.47094,80725.0152,85294.97131
10/3/2015,3.85,7,237.733,192086,192896.8665,80799.04767,81140.13054,84722.49225
10/10/2015,3.76,7,237.733,192497,192896.8665,80971.9307,81140.13054,84579.36386
10/17/2015,3.82,7,237.733,191723,192896.8665,80646.35537,81140.13054,84512.76366
10/24/2015,3.79,7,237.733,190973,192896.8665,80330.87539,81140.13054,84458.9871
10/31/2015,3.76,7,237.733,190070,192896.8665,79951.03751,81140.13054,83621.59437
11/7/2015,3.87,7,238.017,189241,193953.6796,79507.34611,81487.32215,83225.35595
11/14/2015,3.98,7,238.017,187840,193953.6796,78918.7327,81487.32215,83498.88029
11/21/2015,3.97,7,238.017,188621,193953.6796,79246.86052,81487.32215,84031.28954
12/5/2015,3.93,7,237.761,189428,195005.2864,79671.603,82017.35624,84325.55628
12/12/2015,3.95,7,237.761,191390,195005.2864,80496.80141,82017.35624,84768.60495
12/19/2015,3.97,7,237.761,192860,195005.2864,81115.06933,82017.35624,84753.76797
12/26/2015,3.96,7,237.761,193237,195005.2864,81273.63192,82017.35624,84005.32483
1/2/2016,4.01,7,237.761,192842,196138.597,81107.49871,82494.01585,83589.88252
1/9/2016,3.97,7,237.652,192086,196138.597,80826.58677,82531.85205,82763.17842
1/16/2016,3.92,7,237.652,190471,196138.597,80147.0217,82531.85205,82789.44906
1/23/2016,3.81,7,237.652,189353,196138.597,79676.58593,82531.85205,82148.6918
1/30/2016,3.79,7,237.652,188168,196138.597,79177.95769,82531.85205,81024.64693
2/6/2016,3.72,7,237.336,185537,197266.6135,78174.82388,83117.02124,79936.96876
2/13/2016,3.65,7,237.336,183024,197266.6135,77115.98746,83117.02124,79561.97798
2/20/2016,3.65,7,237.336,182235,197266.6135,76783.54738,83117.02124,79836.5614
2/27/2016,3.62,7,237.336,180862,197266.6135,76205.04264,83117.02124,80879.65165
3/5/2016,3.64,7,238.08,182797,198105.9409,76779.6539,83209.82061,81754.6291
3/12/2016,3.68,7,238.08,185117,198105.9409,77754.11626,83209.82061,82486.51042
3/19/2016,3.73,7,238.08,187559,198105.9409,78779.82191,83209.82061,83339.34692
3/26/2016,3.71,7,238.08,191084,198105.9409,80260.41667,83209.82061,84067.53809
4/2/2016,3.71,7,238.08,193657,198873.3486,81341.14583,83532.15247,85132.66146
4/9/2016,3.59,6.7,238.992,195295,198873.3486,81716.12439,83213.3915,85981.98966
4/16/2016,3.58,6.7,238.992,197283,198873.3486,82547.9514,83213.3915,86452.51911
4/23/2016,3.59,6.7,238.992,198347,198873.3486,82993.15458,83213.3915,86915.26784
4/30/2016,3.66,6.7,238.992,199423,198873.3486,83443.37886,83213.3915,87379.30526
5/7/2016,3.61,6.7,239.557,200814,199644.5011,83827.2311,83339.03876,87606.76054
5/14/2016,3.57,6.7,239.557,201323,199644.5011,84039.70663,83339.03876,88583.79371
5/21/2016,3.58,6.7,239.557,202212,199644.5011,84410.80828,83339.03876,88971.08244
5/28/2016,3.64,6.7,239.557,203648,199644.5011,85010.24808,83339.03876,90045.17474
6/4/2016,3.66,6.7,240.222,206776,200583.8371,86077.0454,83499.36189,90951.12691
6/11/2016,3.6,6.7,240.222,208846,200583.8371,86938.74832,83499.36189,91766.56578
6/18/2016,3.54,6.7,240.222,212648,200583.8371,88521.45099,83499.36189,92516.88421
6/25/2016,3.56,6.7,240.222,214504,200583.8371,89294.06965,83499.36189,93058.32579
7/2/2016,3.48,6.7,240.222,215744,201298.7015,89810.25884,83796.94676,93028.66408
7/9/2016,3.41,6.8,240.101,216063,201298.7015,89988.37989,83839.17662,92942.68413
7/16/2016,3.42,6.8,240.101,215848,201298.7015,89898.83424,83839.17662,92758.85082
7/23/2016,3.45,6.8,240.101,214808,201298.7015,89465.68319,83839.17662,92040.30412
7/30/2016,3.48,6.8,240.101,213172,201298.7015,88784.30327,83839.17662,91772.26806
8/6/2016,3.43,6.8,240.545,212914,201970.8043,88513.16801,83963.8339,91095.63061
8/13/2016,3.45,6.8,240.545,210182,201970.8043,87377.41379,83963.8339,90902.30562
8/20/2016,3.43,6.8,240.545,209376,201970.8043,87042.34135,83963.8339,90415.73029
8/27/2016,3.43,6.8,240.545,208358,201970.8043,86619.13571,83963.8339,89884.69837
9/3/2016,3.46,6.8,241.176,208168,202707.9776,86313.72939,84049.81323,89165.09424
9/10/2016,3.44,6.8,241.176,208653,202707.9776,86514.82735,84049.81323,88975.18615
9/17/2016,3.5,6.8,241.176,208141,202707.9776,86302.53425,84049.81323,88621.34031
9/24/2016,3.48,6.8,241.176,206718,202707.9776,85712.50871,84049.81323,88618.09402
10/1/2016,3.42,6.8,241.176,205711,203636.8651,85294.97131,84434.96248,88298.07076
10/8/2016,3.42,6.9,241.741,204809,203636.8651,84722.49225,84237.62006,87659.04649
10/15/2016,3.47,6.9,241.741,204463,203636.8651,84579.36386,84237.62006,87680.53652
10/22/2016,3.52,6.9,241.741,204302,203636.8651,84512.76366,84237.62006,87233.30063
10/29/2016,3.47,6.9,241.741,204172,203636.8651,84458.9871,84237.62006,87049.70803
11/5/2016,3.54,6.9,242.026,202386,204665.3124,83621.59437,84563.35783,87060.22225
11/12/2016,3.57,6.9,242.026,201427,204665.3124,83225.35595,84563.35783,87321.46035
11/19/2016,3.94,6.9,242.026,202089,204665.3124,83498.88029,84563.35783,87729.08882
12/3/2016,4.08,6.9,242.637,203891,205751.383,84031.28954,84798.02462,87799.6812
12/10/2016,4.13,6.9,242.637,204605,205751.383,84325.55628,84798.02462,88047.05313
12/17/2016,4.16,6.9,242.637,205680,205751.383,84768.60495,84798.02462,88004.27756
12/24/2016,4.3,6.9,242.637,205644,205751.383,84753.76797,84798.02462,87876.35439
12/31/2016,4.32,6.9,242.637,203828,205751.383,84005.32483,84798.02462,87328.16575
1/7/2017,4.2,7,243.618,203640,206838.8662,83589.88252,84902.94894,86960.08583
1/14/2017,4.12,7,243.618,201626,206838.8662,82763.17842,84902.94894,87488.89934
1/21/2017,4.09,7,243.618,201690,206838.8662,82789.44906,84902.94894,86729.83497
1/28/2017,4.19,7,243.618,200129,206838.8662,82148.6918,84902.94894,86337.05902
2/4/2017,4.19,7,244.006,197705,207977.0553,81024.64693,85234.40215,85870.58017
2/11/2017,4.17,7,244.006,195051,207977.0553,79936.96876,85234.40215,85706.27061
2/18/2017,4.15,7,244.006,194136,207977.0553,79561.97798,85234.40215,86315.819
2/25/2017,4.16,7,244.006,194806,207977.0553,79836.5614,85234.40215,87317.74162
3/4/2017,4.1,7,243.892,197259,209148.9486,80879.65165,85754.73922,88054.98904
3/11/2017,4.21,7,243.892,199393,209148.9486,81754.6291,85754.73922,88731.73409
3/18/2017,4.3,7,243.892,201178,209148.9486,82486.51042,85754.73922,89309.51169
3/25/2017,4.23,7,243.892,203258,209148.9486,83339.34692,85754.73922,89930.56251
4/1/2017,4.14,7,243.892,205034,210422.268,84067.53809,86276.82254,90261.64243
4/8/2017,4.1,7.3,244.193,207888,210422.268,85132.66146,86170.475,90601.73363
4/15/2017,4.08,7.3,244.193,209962,210422.268,85981.98966,86170.475,91128.45536
4/22/2017,3.97,7.3,244.193,211111,210422.268,86452.51911,86170.475,91058.11923
4/29/2017,4.03,7.3,244.193,212241,210422.268,86915.26784,86170.475,91421.17771
5/6/2017,4.02,7.3,244.004,213209,211555.4494,87379.30526,86701.6317,91444.70318
5/13/2017,4.05,7.3,244.004,213764,211555.4494,87606.76054,86701.6317,92007.71954
5/20/2017,4.02,7.3,244.004,216148,211555.4494,88583.79371,86701.6317,92236.99321
5/27/2017,3.95,7.3,244.004,217093,211555.4494,88971.08244,86701.6317,93081.11901
6/3/2017,3.94,7.3,244.163,219857,212617.421,90045.17474,87080.11492,93617.98755
6/10/2017,3.89,7.3,244.163,222069,212617.421,90951.12691,87080.11492,94328.29518
6/17/2017,3.91,7.3,244.163,224060,212617.421,91766.56578,87080.11492,95093.97732
6/24/2017,3.9,7.3,244.163,225892,212617.421,92516.88421,87080.11492,95458.49302
7/1/2017,3.88,7.3,244.163,227214,213522.8619,93058.32579,87450.94954,95299.22695
7/8/2017,3.96,7.5,244.243,227216,213522.8619,93028.66408,87422.30563,95114.12581
7/15/2017,4.03,7.5,244.243,227006,213522.8619,92942.68413,87422.30563,94720.43756
7/22/2017,3.96,7.5,244.243,226557,213522.8619,92758.85082,87422.30563,93878.52588
7/29/2017,3.92,7.5,244.243,224802,213522.8619,92040.30412,87422.30563,93859.64564
8/5/2017,3.93,7.5,245.183,225010,214450.7621,91772.26806,87465.59185,92875.39289
8/12/2017,3.9,7.5,245.183,223351,214450.7621,91095.63061,87465.59185,92657.64137
8/19/2017,3.89,7.5,245.183,222877,214450.7621,90902.30562,87465.59185,92135.51456
8/26/2017,3.86,7.5,245.183,221684,214450.7621,90415.73029,87465.59185,91567.29436
9/2/2017,3.82,7.5,245.183,220382,215416.8378,89884.69837,87859.61416,91052.89037
9/9/2017,3.78,7.5,246.435,219734,215416.8378,89165.09424,87413.24803,90525.09695
9/16/2017,3.78,7.5,246.435,219266,215416.8378,88975.18615,87413.24803,90116.66178
9/23/2017,3.83,7.5,246.435,218394,215416.8378,88621.34031,87413.24803,89762.1559
9/30/2017,3.83,7.5,246.435,218386,215416.8378,88618.09402,87413.24803,89230.21537
10/7/2017,3.85,6.9,246.626,217766,216519.3369,88298.07076,87792.58348,88836.18439
10/14/2017,3.91,6.9,246.626,216190,216519.3369,87659.04649,87792.58348,88706.81879
10/21/2017,3.88,6.9,246.626,216243,216519.3369,87680.53652,87792.58348,88588.13476
10/28/2017,3.94,6.9,246.626,215140,216519.3369,87233.30063,87792.58348,88941.14666
11/4/2017,3.94,6.9,247.284,215260,217707.5233,87049.70803,88039.47012,88753.88964
11/11/2017,3.9,6.9,247.284,215286,217707.5233,87060.22225,88039.47012,89028.63884
11/18/2017,3.95,6.9,247.284,215932,217707.5233,87321.46035,88039.47012,88634.33019
12/2/2017,3.9,6.9,247.284,216940,218950.9814,87729.08882,88542.3163,88845.45847
12/9/2017,3.94,6.9,247.805,217572,218950.9814,87799.6812,88356.15966,88725.58522
12/16/2017,3.93,6.9,247.805,218185,218950.9814,88047.05313,88356.15966,88799.96202
12/23/2017,3.94,6.9,247.805,218079,218950.9814,88004.27756,88356.15966,88854.95338
12/30/2017,3.99,6.9,247.805,217762,218950.9814,87876.35439,88356.15966,88625.6618
1/6/2018,3.95,7,248.859,217324,220181.1448,87328.16575,88476.2636,88244.20896
1/13/2018,3.99,7,248.859,216408,220181.1448,86960.08583,88476.2636,88525.15452
1/20/2018,4.04,7,248.859,217724,220181.1448,87488.89934,88476.2636,87615.84058
1/27/2018,4.15,7,248.859,215835,220181.1448,86729.83497,88476.2636,87580.62346
2/3/2018,4.22,7,249.529,215436,221375.6447,86337.05902,88717.40147,86431.49825
2/10/2018,4.32,7,249.529,214272,221375.6447,85870.58017,88717.40147,85962.5299
2/17/2018,4.38,7,249.529,213862,221375.6447,85706.27061,88717.40147,86433.07727
2/24/2018,4.4,7,249.529,215383,221375.6447,86315.819,88717.40147,87063.10545
3/3/2018,4.43,7,249.577,217925,222757.3973,87317.74162,89253.97664,88150.76199
3/10/2018,4.46,7,249.577,219765,222757.3973,88054.98904,89253.97664,89150.36074
3/17/2018,4.44,7,249.577,221454,222757.3973,88731.73409,89253.97664,89977.26218
3/24/2018,4.45,7,249.577,222896,222757.3973,89309.51169,89253.97664,90650.74232
3/31/2018,4.44,7,249.577,224446,222757.3973,89930.56251,89253.97664,90648.5222
4/7/2018,4.4,6.8,250.227,225859,224015.5362,90261.64243,89524.92587,91114.01938
4/14/2018,4.42,6.8,250.227,226710,224015.5362,90601.73363,89524.92587,91840.4771
4/21/2018,4.47,6.8,250.227,228028,224015.5362,91128.45536,89524.92587,91899.64382
4/28/2018,4.58,6.8,250.227,227852,224015.5362,91058.11923,89524.92587,93270.00666
5/5/2018,4.55,6.8,250.792,229277,225237.7301,91421.17771,89810.57213,93865.40797
5/12/2018,4.55,6.8,250.792,229336,225237.7301,91444.70318,89810.57213,94587.33205
5/19/2018,4.61,6.8,250.792,230748,225237.7301,92007.71954,89810.57213,95393.47409
5/26/2018,4.66,6.8,250.792,231323,225237.7301,92236.99321,89810.57213,95887.42215
6/2/2018,4.56,6.8,250.792,233440,226124.6037,93081.11901,90164.20129,96572.33333
6/9/2018,4.54,6.8,251.018,234998,226124.6037,93617.98755,90083.02341,97160.59398
6/16/2018,4.62,6.8,251.018,236781,226124.6037,94328.29518,90083.02341,97785.3025
6/23/2018,4.57,6.8,251.018,238703,226124.6037,95093.97732,90083.02341,98366.50873
6/30/2018,4.55,6.8,251.018,239618,226124.6037,95458.49302,90083.02341,98340.1451
7/7/2018,4.52,7.1,251.214,239405,227248.0373,95299.22695,90459.94144,98273.26593
7/14/2018,4.53,7.1,251.214,238940,227248.0373,95114.12581,90459.94144,97542.67947
7/21/2018,4.52,7.1,251.214,237951,227248.0373,94720.43756,90459.94144,97354.51595
7/28/2018,4.54,7.1,251.214,235836,227248.0373,93878.52588,90459.94144,96926.4896
8/4/2018,4.6,7.1,251.663,236210,228325.3785,93859.64564,90726.63782,96395.75254
8/11/2018,4.59,7.1,251.663,233733,228325.3785,92875.39289,90726.63782,95964.99244
8/18/2018,4.53,7.1,251.663,233185,228325.3785,92657.64137,90726.63782,95495.95992
8/25/2018,4.51,7.1,251.663,231871,228325.3785,92135.51456,90726.63782,94935.49984
9/1/2018,4.52,7.1,251.663,230441,229415.6166,91567.29436,91159.8513,94562.41643
9/8/2018,4.54,7.1,252.182,229619,229415.6166,91052.89037,90972.24092,94225.19892
9/15/2018,4.6,7.1,252.182,228288,229415.6166,90525.09695,90972.24092,93719.95743
9/22/2018,4.65,7.1,252.182,227258,229415.6166,90116.66178,90972.24092,93468.45796
9/29/2018,4.72,7.1,252.182,226364,229415.6166,89762.1559,90972.24092,93369.71902
10/6/2018,4.71,6.6,252.772,225549,230165.2955,89230.21537,91056.48391,93338.62014
10/13/2018,4.9,6.6,252.772,224553,230165.2955,88836.18439,91056.48391,93371.6627
10/20/2018,4.85,6.6,252.772,224226,230165.2955,88706.81879,91056.48391,93381.3811
10/27/2018,4.86,6.6,252.772,223926,230165.2955,88588.13476,91056.48391,92906.59922
11/3/2018,4.83,6.6,252.594,224660,230918.7649,88941.14666,91418.943,93131.57721
11/10/2018,4.94,6.6,252.594,224187,230918.7649,88753.88964,91418.943,93318.15378
11/17/2018,4.94,6.6,252.594,224881,230918.7649,89028.63884,91418.943,93527.4693
12/1/2018,4.81,6.6,252.594,223885,231723.9952,88634.33019,91737.72741,93832.55483
12/8/2018,4.75,6.6,252.767,224572,231723.9952,88845.45847,91674.93983,94072.67918
12/15/2018,4.63,6.6,252.767,224269,231723.9952,88725.58522,91674.93983,94162.77415
12/22/2018,4.62,6.6,252.767,224457,231723.9952,88799.96202,91674.93983,93412.91012
12/29/2018,4.55,6.6,252.767,224596,231723.9952,88854.95338,91674.93983,92898.31182
1/5/2019,4.51,7,252.718,223973,232695.3,88625.6618,92077.05822,92511.88054
1/12/2019,4.45,7,252.718,223009,232695.3,88244.20896,92077.05822,91825.87816
1/19/2019,4.45,7,252.718,223719,232695.3,88525.15452,92077.05822,91526.30705
1/26/2019,4.45,7,252.718,221421,232695.3,87615.84058,92077.05822,90932.23477
2/2/2019,4.46,7,252.718,221332,233822.5908,87580.62346,92523.1249,90842.35944
2/9/2019,4.41,7,253.322,218950,233822.5908,86431.49825,92302.52042,91740.72703
2/16/2019,4.37,7,253.322,217762,233822.5908,85962.5299,92302.52042,92404.95587
2/23/2019,4.35,7,253.322,218954,233822.5908,86433.07727,92302.52042,93935.86028
3/2/2019,4.35,7,253.322,220550,235013.7772,87063.10545,92772.74662,94599.49482
3/9/2019,4.41,7,254.202,224081,235013.7772,88150.76199,92451.58464,95753.20389
3/16/2019,4.31,7,254.202,226622,235013.7772,89150.36074,92451.58464,96806.57358
3/23/2019,4.28,7,254.202,228724,235013.7772,89977.26218,92451.58464,98416.19418
3/30/2019,4.06,7,254.202,230436,235013.7772,90650.74232,92451.58464,99300.64196
4/6/2019,4.08,6.8,255.211,231345,236076.1957,90648.5222,92502.35909,99666.91658
4/13/2019,4.12,6.8,255.211,232533,236076.1957,91114.01938,92502.35909,99223.71648
4/20/2019,4.17,6.8,255.211,234387,236076.1957,91840.4771,92502.35909,98842.99392
4/27/2019,4.2,6.8,255.211,234538,236076.1957,91899.64382,92502.35909,98022.02698
5/4/2019,4.14,6.8,255.29,238109,236868.2592,93270.00666,92783.99436,97383.02562
5/11/2019,4.1,6.8,255.29,239629,236868.2592,93865.40797,92783.99436,97066.45614
5/18/2019,4.07,6.8,255.29,241472,236868.2592,94587.33205,92783.99436,96970.31282
5/25/2019,4.06,6.8,255.29,243530,236868.2592,95393.47409,92783.99436,96919.67656
6/1/2019,3.99,6.8,255.29,244791,237564.2944,95887.42215,93056.63929,97313.0832
6/8/2019,3.82,6.8,255.159,246413,237564.2944,96572.33333,93104.41507,98479.29459
6/15/2019,3.82,6.8,255.159,247914,237564.2944,97160.59398,93104.41507,99426.4279
6/22/2019,3.84,6.8,255.159,249508,237564.2944,97785.3025,93104.41507,100744.9338
6/29/2019,3.73,6.8,255.159,250991,237564.2944,98366.50873,93104.41507,101890.2113
7/13/2019,3.75,6.8,255.685,251441,238205.1271,98340.1451,93163.51256,102885.6503
7/20/2019,3.81,6.8,255.685,251270,238205.1271,98273.26593,93163.51256,103772.2919
7/27/2019,3.75,6.8,255.685,249402,238205.1271,97542.67947,93163.51256,104323.2486
8/3/2019,3.75,6.8,256.059,249285,238909.4844,97354.51595,93302.51402,104419.6275
8/10/2019,3.6,6.8,256.059,248189,238909.4844,96926.4896,93302.51402,104887.2253
8/17/2019,3.6,6.8,256.059,246830,238909.4844,96395.75254,93302.51402,105163.6207
8/24/2019,3.55,6.8,256.059,245727,238909.4844,95964.99244,93302.51402,105088.4504
8/31/2019,3.58,6.8,256.059,244526,238909.4844,95495.95992,93302.51402,105203.2658
9/7/2019,3.49,6.8,256.511,243520,239529.8921,94935.49984,93379.96891,105107.8918
9/14/2019,3.56,6.8,256.511,242563,239529.8921,94562.41643,93379.96891,105482.0808
9/21/2019,3.73,6.8,256.511,241698,239529.8921,94225.19892,93379.96891,105280.1803
9/28/2019,3.64,6.8,256.511,240402,239529.8921,93719.95743,93379.96891,105331.4431
10/5/2019,3.65,6.4,257.244,240442,240394.0271,93468.45796,93449.80919,105075.1865
10/12/2019,3.57,6.4,257.244,240188,240394.0271,93369.71902,93449.80919,105274.5826
10/19/2019,3.69,6.4,257.244,240108,240394.0271,93338.62014,93449.80919,105571.1794
10/26/2019,3.75,6.4,257.244,240193,240394.0271,93371.6627,93449.80919,105969.5873
11/2/2019,3.78,6.4,257.244,240218,241570.0504,93381.3811,93906.97174,106142.3319
11/9/2019,3.69,6.4,257.803,239516,241570.0504,92906.59922,93703.35116,106182.2072
11/16/2019,3.75,6.4,257.803,240096,241570.0504,93131.57721,93703.35116,106583.2608
11/23/2019,3.66,6.4,257.803,240577,241570.0504,93318.15378,93703.35116,105896.5405
12/7/2019,3.68,6.4,258.616,241877,242952.9011,93527.4693,93943.49194,105659.9309
12/14/2019,3.73,6.4,258.616,242666,242952.9011,93832.55483,93943.49194,105406.9113
12/21/2019,3.73,6.4,258.616,243287,242952.9011,94072.67918,93943.49194,105138.2449
12/28/2019,3.74,6.4,258.616,243520,242952.9011,94162.77415,93943.49194,104527.2578
1/4/2020,3.72,6.6,259.037,241974,244475.5657,93412.91012,94378.62766,103895.2979
1/11/2020,3.64,6.6,259.037,240641,244475.5657,92898.31182,94378.62766,103696.5543
1/18/2020,3.65,6.6,259.037,239640,244475.5657,92511.88054,94378.62766,103494.3842
1/25/2020,3.6,6.6,259.037,237863,244475.5657,91825.87816,94378.62766,103147.154
2/1/2020,3.51,6.6,259.037,237087,245963.6209,91526.30705,94953.08427,102354.744
2/8/2020,3.45,6.6,259.248,235740,245963.6209,90932.23477,94875.80267,101859.3678
2/15/2020,3.47,6.6,259.248,235507,245963.6209,90842.35944,94875.80267,102841.0168
2/22/2020,3.49,6.6,259.248,237836,245963.6209,91740.72703,94875.80267,103621.6327
2/29/2020,3.45,6.6,259.248,239558,245963.6209,92404.95587,94875.80267,104652.0758
3/7/2020,3.29,6.6,258.124,242471,247511.6591,93935.86028,95888.66556,105556.1427
3/14/2020,3.36,6.6,258.124,244184,247511.6591,94599.49482,95888.66556,106380.5612
3/21/2020,3.65,6.6,258.124,247162,247511.6591,95753.20389,95888.66556,107289.913
3/28/2020,3.5,6.6,258.124,249881,247511.6591,96806.57358,95888.66556,108059.0243
4/4/2020,3.33,5.7,256.092,252036,248837.169,98416.19418,97167.09972,109169.0104
4/11/2020,3.33,5.7,256.092,254301,248837.169,99300.64196,97167.09972,110376.1203
4/18/2020,3.31,5.7,256.092,255239,248837.169,99666.91658,97167.09972,111253.6093
4/25/2020,3.33,5.7,256.092,254104,248837.169,99223.71648,97167.09972,111608.7299
5/2/2020,3.23,5.7,256.092,253129,249583.2756,98842.99392,97458.44291,111765.2099
5/9/2020,3.26,5.7,255.868,250807,249583.2756,98022.02698,97543.76304,112134.7469
5/16/2020,3.28,5.7,255.868,249172,249583.2756,97383.02562,97543.76304,112833.9616
5/23/2020,3.24,5.7,255.868,248362,249583.2756,97066.45614,97543.76304,113322.3317
5/30/2020,3.15,5.7,255.868,248116,249583.2756,96970.31282,97543.76304,113662.0848
6/6/2020,3.18,5.7,256.986,249070,250003.3062,96919.67656,97282.85052,114200.5995
6/13/2020,3.21,5.7,256.986,250081,250003.3062,97313.0832,97282.85052,115512.6978
6/20/2020,3.13,5.7,256.986,253078,250003.3062,98479.29459,97282.85052,115852.7345
6/27/2020,3.13,5.7,256.986,255512,250003.3062,99426.4279,97282.85052,115936.2535
7/4/2020,3.07,6.4,258.278,260202,250677.0226,100744.9338,97057.05582,116469.4367
7/11/2020,3.03,6.4,258.278,263160,250677.0226,101890.2113,97057.05582,116353.5273
7/18/2020,2.98,6.4,258.278,265731,250677.0226,102885.6503,97057.05582,116299.4363
7/25/2020,3.01,6.4,258.278,268021,250677.0226,103772.2919,97057.05582,115875.1711
8/1/2020,2.99,6.4,258.278,269444,252291.5532,104323.2486,97682.16929,114840.4002
8/8/2020,2.88,6.4,259.411,270876,252291.5532,104419.6275,97255.53395,114146.2968
8/15/2020,2.96,6.4,259.411,272089,252291.5532,104887.2253,97255.53395,114313.4093
8/22/2020,2.99,6.4,259.411,272806,252291.5532,105163.6207,97255.53395,113694.0668
8/29/2020,2.91,6.4,259.411,272611,252291.5532,105088.4504,97255.53395,113426.3652
9/5/2020,2.93,6.4,260.029,273559,255064.513,105203.2658,98090.79486,113727.0644
9/12/2020,2.86,6.4,260.029,273311,255064.513,105107.8918,98090.79486,113417.607
9/19/2020,2.87,6.4,260.029,274284,255064.513,105482.0808,98090.79486,113153.7653
9/26/2020,2.9,6.4,260.029,273759,255064.513,105280.1803,98090.79486,113185.149
10/3/2020,2.88,6.5,260.286,274163,258451.6897,105331.4431,99295.27125,111946.6082
10/10/2020,2.87,6.5,260.286,273496,258451.6897,105075.1865,99295.27125,112461.2147
10/17/2020,2.81,6.5,260.286,274015,258451.6897,105274.5826,99295.27125,112943.274
10/24/2020,2.8,6.5,260.286,274787,258451.6897,105571.1794,99295.27125,112751.2458
10/31/2020,2.81,6.5,260.286,275824,258451.6897,105969.5873,99295.27125,112073.7969
11/7/2020,2.78,6.5,260.813,276833,262282.4645,106142.3319,100563.4169,112131.9216
11/14/2020,2.84,6.5,260.813,276937,262282.4645,106182.2072,100563.4169,111832.8723
11/21/2020,2.72,6.5,260.813,277983,262282.4645,106583.2608,100563.4169,111567.9971
12/5/2020,2.71,6.5,262.035,277486,266016.0257,105896.5405,101519.2725,111915.8238
12/12/2020,2.71,6.5,262.035,276866,266016.0257,105659.9309,101519.2725,111716.0994
12/19/2020,2.67,6.5,262.035,276203,266016.0257,105406.9113,101519.2725,111043.2309
12/26/2020,2.66,6.5,262.035,275499,266016.0257,105138.2449,101519.2725,110501.8064
1/2/2021,2.67,6.5,262.035,273898,269606.8518,104527.2578,102889.6337,109912.2785
1/9/2021,2.65,6.8,262.65,272881,269606.8518,103895.2979,102648.7157,109655.3774
1/16/2021,2.79,6.8,262.65,272359,269606.8518,103696.5543,102648.7157,108639.8041
1/23/2021,2.77,6.8,262.65,271828,269606.8518,103494.3842,102648.7157,107534.1696
1/30/2021,2.73,6.8,262.65,270916,269606.8518,103147.154,102648.7157,106906.2928
2/6/2021,2.73,6.8,263.638,269846,273277.4342,102354.744,103656.3144,108036.9629
2/13/2021,2.73,6.8,263.638,268540,273277.4342,101859.3678,103656.3144,109916.3768
2/20/2021,2.81,6.8,263.638,271128,273277.4342,102841.0168,103656.3144,110255.9554
2/27/2021,2.97,6.8,263.638,273186,273277.4342,103621.6327,103656.3144,112057.1743
3/6/2021,3.02,6.8,264.914,277238,277108.8259,104652.0758,104603.315,113031.1822
3/13/2021,3.05,6.8,264.914,279633,277108.8259,105556.1427,104603.315,113878.2212
3/20/2021,3.09,6.8,264.914,281817,277108.8259,106380.5612,104603.315,115230.7007
3/27/2021,3.17,6.8,264.914,284226,277108.8259,107289.913,104603.315,116170.2083
4/3/2021,3.18,6.2,266.67,288161,281299.1422,108059.0243,105485.8598,117939.0252
4/10/2021,3.13,6.2,266.67,291121,281299.1422,109169.0104,105485.8598,118814.5982
4/17/2021,3.04,6.2,266.67,294340,281299.1422,110376.1203,105485.8598,119539.7958
4/24/2021,2.97,6.2,266.67,296680,281299.1422,111253.6093,105485.8598,119140.448
5/1/2021,2.98,6.2,266.67,297627,285947.7057,111608.7299,107229.0493,119030.5835
5/8/2021,2.96,6.2,268.444,300027,285947.7057,111765.2099,106520.431,119658.1842
5/15/2021,2.94,6.2,268.444,301019,285947.7057,112134.7469,106520.431,119681.8737
5/22/2021,3,6.2,268.444,302896,285947.7057,112833.9616,106520.431,118713.865
5/29/2021,2.95,6.2,268.444,304207,285947.7057,113322.3317,106520.431,118804.7963
6/5/2021,2.99,6.2,270.559,307523,290947.1113,113662.0848,107535.5509,119428.7614
6/12/2021,2.96,6.2,270.559,308980,290947.1113,114200.5995,107535.5509,119364.9738
6/19/2021,2.93,6.2,270.559,312530,290947.1113,115512.6978,107535.5509,119147.8244
6/26/2021,3.02,6.2,270.559,313450,290947.1113,115852.7345,107535.5509,118495.866
7/3/2021,2.98,5.8,271.764,315073,295434.6358,115936.2535,108709.9968,117632.0648
7/10/2021,2.9,5.8,271.764,316522,295434.6358,116469.4367,108709.9968,116447.1809
7/17/2021,2.88,5.8,271.764,316207,295434.6358,116353.5273,108709.9968,115284.3586
7/24/2021,2.78,5.8,271.764,316060,295434.6358,116299.4363,108709.9968,114148.3814
7/31/2021,2.8,5.8,271.764,314907,295434.6358,115875.1711,108709.9968,112872.4773
8/7/2021,2.77,5.8,272.87,313365,298623.6738,114840.4002,109438.0745,112547.7448
8/14/2021,2.87,5.8,272.87,311471,298623.6738,114146.2968,109438.0745,111912.8403
8/21/2021,2.86,5.8,272.87,311927,298623.6738,114313.4093,109438.0745,111324.3115
8/28/2021,2.87,5.8,272.87,310237,298623.6738,113694.0668,109438.0745,110955.0514
9/4/2021,2.87,5.8,274.028,310820,300570.0647,113426.3652,109685.8951,110558.8135
9/11/2021,2.88,5.8,274.028,311644,300570.0647,113727.0644,109685.8951,109793.3156
9/18/2021,2.86,5.8,274.028,310796,300570.0647,113417.607,109685.8951,109420.3461
9/25/2021,2.88,5.8,274.028,310073,300570.0647,113153.7653,109685.8951,108698.0305
10/2/2021,3.01,5.8,274.028,310159,302477.7616,113185.149,110382.0637,108321.504
10/9/2021,2.99,5.6,276.522,309557,302477.7616,111946.6082,109386.5087,108044.6462
10/16/2021,3.05,5.6,276.522,310980,302477.7616,112461.2147,109386.5087,107247.9672
10/23/2021,3.09,5.6,276.522,312313,302477.7616,112943.274,109386.5087,106250.5442
10/30/2021,3.14,5.6,276.522,311782,302477.7616,112751.2458,109386.5087,105399.9022
11/6/2021,3.09,5.6,278.711,312362,305063.9734,112073.7969,109455.3044,104818.8534
11/20/2021,3.1,5.6,278.711,312524,305063.9734,112131.9216,109455.3044,103321.1813
12/4/2021,3.11,5.6,280.887,314124,308251.3063,111832.8723,109742.1049,102881.7017
12/11/2021,3.1,5.6,280.887,313380,308251.3063,111567.9971,109742.1049,102877.6882
12/18/2021,3.12,5.6,280.887,314357,308251.3063,111915.8238,109742.1049,103044.249
12/25/2021,3.05,5.6,280.887,313796,308251.3063,111716.0994,109742.1049,102200.7425
1/1/2022,3.11,5.6,280.887,311906,312636.3434,111043.2309,111303.2442,101785.8094
1/8/2022,3.22,5.8,282.599,312277,312636.3434,110501.8064,110628.9631,101325.2988
1/15/2022,3.45,5.8,282.599,310611,312636.3434,109912.2785,110628.9631,101010.5279
1/22/2022,3.56,5.8,282.599,309885,312636.3434,109655.3774,110628.9631,100350.7067
1/29/2022,3.55,5.8,282.599,307015,312636.3434,108639.8041,110628.9631,99814.68467
2/5/2022,3.55,5.8,284.61,306053,317888.2876,107534.1696,111692.5925,99665.50416
2/12/2022,3.69,5.8,284.61,304266,317888.2876,106906.2928,111692.5925,100787.01
2/19/2022,3.92,5.8,284.61,307484,317888.2876,108036.9629,111692.5925,102556.6223
2/26/2022,3.89,5.8,284.61,312833,317888.2876,109916.3768,111692.5925,104016.4608
3/5/2022,3.76,5.8,287.472,316955,324063.2008,110255.9554,112728.6138,105423.9782
3/12/2022,3.85,5.8,287.472,322133,324063.2008,112057.1743,112728.6138,106331.5088
3/19/2022,4.16,5.8,287.472,324933,324063.2008,113031.1822,112728.6138,107285.0952
3/26/2022,4.42,5.8,287.472,327368,324063.2008,113878.2212,112728.6138,107783.0939
4/2/2022,4.67,5.8,287.472,331256,330234.7173,115230.7007,114875.4373,108284.4202
4/9/2022,4.72,5.6,288.611,335280,330234.7173,116170.2083,114422.0828,108975.3663
4/16/2022,5,5.6,288.611,340385,330234.7173,117939.0252,114422.0828,109317.373
4/23/2022,5.11,5.6,288.611,342912,330234.7173,118814.5982,114422.0828,110167.7682
4/30/2022,5.1,5.6,288.611,345005,330234.7173,119539.7958,114422.0828,110721.2803
5/7/2022,5.27,5.6,291.268,347018,335749.599,119140.448,115271.7082,110928.9996
5/14/2022,5.3,5.6,291.268,346698,335749.599,119030.5835,115271.7082,112186.5253
5/21/2022,5.25,5.6,291.268,348526,335749.599,119658.1842,115271.7082,112541.6263
5/28/2022,5.1,5.6,291.268,348595,335749.599,119681.8737,115271.7082,113496.8618
6/4/2022,5.09,5.6,294.728,349883,340359.3992,118713.865,115482.5464,114301.559
6/11/2022,5.23,5.6,294.728,350151,340359.3992,118804.7963,115482.5464,114961.1145
6/18/2022,5.78,5.6,294.728,351990,340359.3992,119428.7614,115482.5464,115438.9961
6/25/2022,5.81,5.6,294.728,351802,340359.3992,119364.9738,115482.5464,115676.2912
7/2/2022,5.7,5.6,294.728,351162,342781.9276,119147.8244,116304.5003,115942.6052
7/9/2022,5.3,6,294.628,349122,342781.9276,118495.866,116343.9753,115659.0482
7/16/2022,5.51,6,294.628,346577,342781.9276,117632.0648,116343.9753,115678.7625
7/23/2022,5.54,6,294.628,343086,342781.9276,116447.1809,116343.9753,114952.9486
7/30/2022,5.3,6,294.628,339660,342781.9276,115284.3586,116343.9753,114225.0766
8/6/2022,4.99,6,295.32,337103,343150.6791,114148.3814,116196.2208,113638.011
8/13/2022,5.22,6,295.32,333335,343150.6791,112872.4773,116196.2208,113429.0444
8/20/2022,5.13,6,295.32,332376,343150.6791,112547.7448,116196.2208,113107.1052
8/27/2022,5.55,6,295.32,330501,343150.6791,111912.8403,116196.2208,112620.6048
9/3/2022,5.66,6,296.539,330120,341891.6651,111324.3115,115293.9968,112008.5469
9/10/2022,5.89,6,296.539,329025,341891.6651,110955.0514,115293.9968,111322.3256
9/17/2022,6.02,6,296.539,327850,341891.6651,110558.8135,115293.9968,110519.6744
9/24/2022,6.29,6,296.539,325580,341891.6651,109793.3156,115293.9968,110201.2807
10/1/2022,6.7,6,296.539,324474,340680.9939,109420.3461,114885.7297,109875.5278
